{
  "benchmark_time": "2026-03-15 13:54:12",
  "config": "configs/rtdetrv2/rtdetrv2_r50vd_finetune_powerline_v6.yml",
  "resume": "weights/powerlinev3.ckpt",
  "input_size": "640x640",
  "warmup_iters": 5,
  "measure_iters": 20,
  "results": {
    "npu": {
      "device": "NPU",
      "warmup_iters": 5,
      "measure_iters": 20,
      "input_size": "640x640",
      "latency_ms": {
        "mean": 2703.3,
        "std": 35.03,
        "min": 2647.54,
        "max": 2769.02,
        "p50": 2700.6,
        "p90": 2747.21,
        "p99": 2768.29
      },
      "fps": {
        "mean": 0.37,
        "peak": 0.38,
        "stable": 0.36
      },
      "raw_latencies_ms": [
        2740.250568999727,
        2699.9409999998534,
        2678.9216320003106,
        2695.189424000091,
        2647.5360840004214,
        2765.175396999439,
        2702.4905910002417,
        2698.312834999342,
        2743.2751040005314,
        2701.2664109997786,
        2707.2605220000696,
        2679.3783460007035,
        2654.640894000295,
        2769.0180250001504,
        2653.2960250006,
        2711.3203600001725,
        2745.2147710000645,
        2660.5551289994764,
        2722.165547000259,
        2690.7672279994586
      ]
    },
    "cpu": {
      "error": "For 'pad', the paddings value must be tuple of int or list of int, but got ((0, 0), (0, 0), (1, 1), (1, 1))"
    }
  }
}